,City,Country,Cloudiness %,Humidity,Date,Max Temp (F),Wind Speed (mph),Latitude,Longitude
0,broome,US,90,93,1588284467,59,20.8,42.25,-75.83
1,maarianhamina,AX,68,75,1588284186,39.2,9.17,60.1,19.93
2,nisia floresta,BR,40,78,1588284469,80.6,5.82,-6.09,-35.21
3,togur,RU,86,83,1588284470,44.4,9.75,58.36,82.83
4,atar,MR,0,16,1588284471,85.69,12.84,20.52,-13.05
5,jamestown,US,40,67,1588284472,57.2,13.87,42.1,-79.24
6,oranjemund,NA,6,55,1588284474,63.14,7.02,-28.55,16.43
7,guangyuan,CN,47,85,1588284475,51.01,1.7,32.44,105.82
8,mataura,NZ,50,71,1588284476,52.02,3.27,-46.19,168.86
9,puri,IN,20,88,1588284477,82.4,4.7,19.8,85.85
10,kaitangata,NZ,25,63,1588284478,57,4,-46.28,169.85
11,busselton,AU,0,47,1588284479,51.01,12.26,-33.65,115.33
12,yumen,CN,0,14,1588284480,57.92,5.48,40.28,97.2
13,mayor pablo lagerenza,PY,29,56,1588284481,82.08,2.35,-19.93,-60.77
14,amderma,MX,5,18,1588284483,93.2,6.93,22.89,-109.91
15,cabo san lucas,VE,40,52,1588284484,89.6,11.41,7.77,-72.22
16,mys shmidta,PT,90,93,1588284485,63,12.75,41.72,-8.86
17,san cristobal,KI,45,82,1588284486,83.05,17.92,3.07,172.79
18,saleaula,AR,90,81,1588284487,44.6,32.21,-54.8,-68.3
19,areosa,NZ,34,74,1588284489,54.43,13.4,-46.6,168.33
20,skiros,US,1,15,1588284490,93,4.7,37.1,-113.58
21,butaritari,PH,52,84,1588284491,79.14,7.43,14.05,124.17
22,ushuaia,OM,75,89,1588284406,84.2,5.82,17.02,54.09
23,bluff,EC,20,55,1588284493,87.8,19.46,-0.74,-90.35
24,saint george,CA,97,66,1588284494,41.97,7,51.23,-58.65
25,pandan,ZA,100,87,1588284244,60.8,6.93,-33.93,18.42
26,illoqqortoormiut,US,100,86,1588284397,55.99,15.23,42.6,-73.97
27,salalah,BR,100,94,1588284498,76.14,5.26,-1.2,-46.02
28,puerto ayora,US,40,72,1588284499,61,13.87,40.6,-124.16
29,saint-augustin,CA,75,69,1588284500,37.4,12.75,62.46,-114.35
30,cape town,NC,20,78,1588284502,77,10.83,-22.28,166.46
31,albany,RU,98,76,1588284503,42.57,5.26,54.48,53.47
32,carutapera,NZ,31,67,1588284504,61,26.4,-41.41,175.52
33,fortuna,IN,68,69,1588284505,85.21,7.09,10.57,72.64
34,barentsburg,CA,75,86,1588284507,26.6,5.82,70.47,-68.59
35,yellowknife,AU,99,69,1588284508,57.43,20.6,-34.73,135.87
36,noumea,NP,99,35,1588284509,49.39,0.58,29.27,82.18
37,oktyabrskiy,ZA,54,57,1588284510,64.81,5.53,-33.02,27.91
38,karamay,BR,96,86,1588284511,78.8,8.37,-2.92,-39.92
39,waipawa,NE,38,26,1588284513,95,6.93,13.51,2.11
40,kavaratti,US,1,77,1588284514,-0.4,10.29,71.29,-156.79
41,clyde river,PF,0,73,1588284515,81.9,17.52,-9.8,-139.03
42,port lincoln,PE,100,20,1588284516,52.77,8.21,-15.64,-71.6
43,jumla,BF,59,33,1588284517,90.19,8.57,12.07,1.79
44,east london,CA,5,71,1588284519,5,11.41,69.45,-133.04
45,itarema,US,90,87,1588284485,55,8.05,41.37,-73.41
46,niamey,JP,72,84,1588284521,65.62,9.55,32.69,128.84
47,barrow,BR,22,83,1588284522,74.37,4.05,-17.71,-39.25
48,atuona,JP,20,72,1588284523,66,6.93,35.73,140.83
49,chivay,US,75,74,1588284401,78.8,21.92,22.08,-159.32
50,diapaga,MZ,7,88,1588284526,70.2,6.78,-23.86,35.35
51,tuktoyaktuk,CA,75,30,1588284527,57.2,4.7,55.74,-97.86
52,bethel,NO,3,88,1588284528,32.56,7.96,64.25,12.38
53,fukue,IN,24,32,1588284529,82.85,5.21,25.15,76.3
54,caravelas,LR,2,85,1588284532,81.37,7.27,4.38,-7.72
55,hasaki,PF,0,83,1588284533,79.14,19.13,-23.12,-134.97
56,kapaa,US,1,41,1588284535,75.2,13.87,34.64,-120.46
57,maxixe,AR,75,77,1588284536,59,3.36,-38,-57.56
58,thompson,JP,75,83,1588284537,69.8,5.82,26.12,127.67
59,snasa,MX,43,17,1588284538,84,4,28.38,-107.22
60,anta,US,90,48,1588284243,62.6,12.75,46.13,-112.94
61,harper,GL,100,92,1588284540,19.29,2.1,77.48,-69.36
62,rikitea,RU,86,86,1588284542,44.53,11.36,56.01,71.51
63,lompoc,US,1,57,1588284543,80.6,12.75,19.73,-155.09
64,toftir,CD,6,75,1588284544,72.45,0.78,-6.47,16.82
65,mar del plata,RU,100,96,1588284545,14.72,16.31,71.97,102.5
66,itoman,PK,40,74,1588284546,82.4,10.29,24.74,67.59
67,ignacio zaragoza,JP,0,62,1588284548,66.99,8.01,35.13,140.3
68,anaconda,ES,52,64,1588284549,55.99,12.03,39.49,-1.1
69,artyk,CN,99,45,1588284550,58.5,2.59,27.9,102.26
70,qaanaaq,AR,24,64,1588284551,69.98,3.2,-23.13,-64.33
71,krutinka,GL,18,43,1588284552,35.6,17.22,65.61,-37.64
72,hilo,US,1,20,1588284553,70,2.3,45.31,-93.79
73,kasongo-lunda,SK,59,84,1588284554,46,2.13,49.27,21.9
74,khatanga,RU,13,59,1588284556,60.8,4.47,50.68,36.55
75,gharo,TO,40,74,1588284557,78.8,14.99,-21.2,-175.2
76,katsuura,MN,77,40,1588284558,57.61,4.43,49.98,92.07
77,requena,PT,91,90,1588284559,65.19,25.48,38.52,-28.7
78,xichang,ZA,100,76,1588284560,55.4,5.82,-33.92,25.57
79,san ramon de la nueva oran,US,1,24,1588284561,69.01,6.93,45.02,-93.22
80,tasiilaq,BR,100,88,1588284562,75.2,5.82,-22.97,-42.03
81,grand river south east,CA,90,86,1588284563,26.6,4.7,66.15,-65.71
82,vaitupu,YE,99,42,1588284565,77.14,7.31,14.4,46.47
83,monticello,VU,75,88,1588284566,80.6,8.12,-16.1,167.42
84,medzilaborce,AR,0,28,1588284567,66.16,9.84,-34.62,-68.33
85,severnyy,NA,0,45,1588284568,69.13,8.79,-26.65,15.16
86,vaini,MV,36,75,1588284293,85.08,6.73,3.78,72.97
87,ulaangom,PG,22,77,1588284570,80.71,3.8,-5.22,145.8
88,ribeira grande,RU,97,80,1588284571,34.03,4.16,58.96,126.29
89,port elizabeth,CL,40,76,1588284317,48.2,9.17,-53.15,-70.92
90,saint anthony,RU,94,94,1588284574,8.76,2.75,71.69,128.87
91,arraial do cabo,US,1,51,1588284344,69.8,14.99,41.51,-90.58
92,pangnirtung,MG,29,90,1588284576,68.11,3,-23.72,44.38
93,marzuq,AU,68,81,1588284577,55.99,3.36,-26.53,151.83
94,lakatoro,NZ,32,71,1588284578,56.03,8.9,-46.13,167.68
95,ust-kamchatsk,RU,100,92,1588284579,17.91,2.28,69.3,139.9
96,san rafael,CL,43,76,1588284580,56.46,5.28,-37.62,-73.65
97,luderitz,ZA,88,81,1588284581,53.6,5.82,-34.53,20.04
98,mahibadhoo,RU,92,49,1588284582,56.91,23.42,49.63,117.32
99,madang,ZA,89,54,1588284584,62.01,1.01,-34.42,19.23
100,tommot,CO,66,69,1588284585,82.11,3.18,2.33,-72.63
101,punta arenas,CN,54,18,1588284586,69.82,18.12,38.42,77.24
102,tiksi,CN,0,13,1588284587,62.64,10.42,39.82,109.98
103,rock island,PE,35,64,1588284588,73.4,16.11,-13.7,-76.22
104,betioky,MX,40,41,1588284589,78.8,9.17,25.42,-101
105,kingaroy,RU,87,93,1588284591,39.43,3.02,59.6,60.58
106,tuatapere,AU,75,81,1588284367,48.99,8.05,-42.88,147.33
107,deputatskiy,GL,0,64,1588284369,33.8,4.7,68.82,-51.19
108,lebu,RU,0,93,1588284594,18.59,12.15,69.7,170.31
109,bredasdorp,US,90,71,1588284595,55,6.93,40.75,-80.32
110,zabaykalsk,RU,0,74,1588284596,30.99,4.47,59.7,30.79
111,hermanus,AR,90,72,1588284598,64.4,3.36,-24.79,-65.41
112,el retorno,AR,38,66,1588284599,57.61,8.66,-40.81,-63
113,shache,BO,38,62,1588284600,81.12,3.98,-16.37,-58.4
114,dongsheng,PH,97,82,1588284601,79.61,7.05,12.22,125.48
115,pisco,BR,99,72,1588284427,74.19,1.63,-13.28,-50.16
116,saltillo,ES,100,92,1588284603,61,17,42.78,-9.06
117,serov,RU,94,96,1588284605,31.95,19.08,53.51,142.97
118,hobart,IS,86,68,1588284606,41.18,13.38,64.25,-15.21
119,qasigiannguit,NZ,50,77,1588284607,64,1.01,-35.62,174.5
120,pevek,JP,75,87,1588284608,60.8,1.12,28.37,129.48
121,beaver falls,RU,100,96,1588284609,29.17,10.58,68.05,39.51
122,nikolskoye,CO,97,62,1588284610,87.17,6.26,5.49,-70.41
123,attawapiskat,RU,82,92,1588284611,28.15,2.93,64.38,-173.3
124,salta,MY,40,100,1588284464,78.8,4.29,5.41,100.34
125,viedma,AR,32,74,1588284614,57.99,1.01,-37.32,-59.13
126,san matias,ES,60,64,1588284615,53.92,2.77,38.12,-3.08
127,alugan,UY,70,53,1588284616,62.83,4.97,-30.28,-57.6
128,tsihombe,LY,27,33,1588284617,73.26,20.78,27.04,14.43
129,sao miguel do araguaia,MG,0,90,1588284618,69.76,4.25,-25.17,45.05
130,muros,IN,18,57,1588284619,72.34,2.84,25.52,90.22
131,ekhabi,MX,40,43,1588284620,87.8,11.41,18.73,-103.68
132,hofn,TR,46,46,1588284622,44.28,5.01,38.51,42.28
133,ngunguru,AU,0,24,1588284623,68,9.17,-24.87,113.63
134,naze,US,90,76,1588284624,53.6,14.99,42.16,-72.33
135,ostrovnoy,PH,100,84,1588284625,79.05,2.73,5.4,125.46
136,la primavera,SN,2,83,1588284626,82.4,2.24,12.48,-16.55
137,provideniya,AR,46,62,1588284627,51.8,6.93,-51.62,-69.22
138,georgetown,RU,2,90,1588284628,26.49,5.97,61.67,96.37
139,tandil,ZA,99,87,1588284629,60.8,3.36,-33.01,17.94
140,villacarrillo,SE,13,86,1588284631,37.99,8.05,62.49,17.33
141,bella union,RU,63,96,1588284632,13.64,5.59,70.63,147.92
142,sabha,ML,92,10,1588284633,91.17,4.56,16.64,1.64
143,kuche,ID,100,83,1588284634,77.77,6.85,-0.95,100.35
144,beloha,CA,60,37,1588284635,71.01,5.97,51.15,-100.05
145,tura,ZA,81,79,1588284636,62.01,6.38,-33.59,26.89
146,coahuayana,MG,100,79,1588284637,72.97,2.8,-13.2,49.05
147,tatvan,PW,90,94,1588284639,78.8,8.05,7.04,134.26
148,carnarvon,CA,90,100,1588284640,44.6,3.36,49.75,-77.63
149,palmer,TZ,95,66,1588284641,66.31,5.44,-3.13,33.53
150,sarangani,PE,18,69,1588284642,69.31,6.93,-16.62,-72.71
151,oussouye,CA,90,93,1588284643,41,13.87,49.78,-74.85
152,rio gallegos,MV,22,72,1588284644,85.06,8.14,-0.6,73.08
153,baykit,RE,43,77,1588284645,69.8,6.93,-21.36,55.77
154,saldanha,CA,90,81,1588284646,42.8,2.24,55.3,-123.17
155,timra,RU,27,75,1588284647,51.73,6.71,44.66,45.64
156,chokurdakh,PH,51,72,1588284649,80.08,3.69,17.21,120.41
157,gao,LY,77,30,1588284650,75.42,15.55,26.59,12.78
158,padang,NE,0,9,1588284651,92.55,9.19,18.74,7.39
159,rawannawi,IS,90,74,1588284652,37.4,20.8,66.04,-17.34
160,belushya guba,MU,20,64,1588284653,75.2,10.29,-20.34,57.76
161,dauphin,CL,98,36,1588284654,65.62,5.12,-26.37,-70.05
162,port alfred,SE,0,92,1588284655,24.8,2.24,63.29,18.72
163,ambilobe,RU,100,95,1588284656,16,14.74,71.92,114.08
164,kloulklubed,YE,100,40,1588284657,57.72,3.78,15.17,44.32
165,matagami,PH,29,77,1588284659,80.2,4.29,9.19,117.81
166,malampaka,AU,50,92,1588284660,48.99,1.07,-42.78,147.06
167,camana,ZM,14,49,1588284661,63.45,3.24,-13.54,23.1
168,chapais,PH,54,81,1588284662,80.53,7.65,12.48,123.38
169,hithadhoo,CN,40,100,1588284663,59,2.24,24.92,102.48
170,saint-philippe,GB,30,78,1588284664,44.01,3.53,55.65,-3.19
171,mackenzie,PT,40,77,1588284665,66.2,3.36,32.67,-17.1
172,yuzhno-sukhokumsk,BB,40,65,1588284372,82.4,18.34,13.07,-59.53
173,taolanaro,HK,29,83,1588284406,75,1.99,22.29,114.16
174,darapidap,CD,0,86,1588284669,72.41,1.45,-4.32,20.58
175,awbari,ID,85,84,1588284670,72.82,0.76,-7.38,108.21
176,arlit,ZA,100,38,1588284671,60.55,4.94,-34,24.73
177,husavik,BR,96,84,1588284672,79.03,7.81,-10.41,-36.43
178,bambous virieux,IR,20,62,1588284673,57.2,4.7,35.72,52.06
179,diego de almagro,CI,11,83,1588284674,81.45,7.54,4.42,-7.35
180,ornskoldsvik,NG,50,38,1588284675,87.8,14.99,12.64,8.59
181,saskylakh,MW,28,67,1588284677,71.13,2.39,-13.78,34.46
182,sayyan,ID,100,86,1588284568,76.57,5.17,-3.8,102.27
183,tagusao,TR,96,44,1588284679,48.18,6.4,40.26,40.23
184,new norfolk,ID,20,100,1588284680,77,2.24,-8.65,115.22
185,zambezi,NG,20,88,1588284628,77,2.24,6.58,3.75
186,puro,AR,75,60,1588284682,69.8,9.17,-26.82,-65.22
187,lianran,PE,45,90,1588284683,81.39,1.45,-4.67,-73.52
188,peebles,RU,49,83,1588284684,45.75,4.03,42.73,133.08
189,ponta do sol,PK,0,81,1588284686,79.81,5.3,25.26,63.47
190,oistins,NO,86,73,1588284687,26.6,12.75,70.86,29.09
191,victoria,MX,20,83,1588284688,80.6,11.41,19.22,-104.7
192,ilebo,JP,20,93,1588284689,59,1.12,34.34,132.59
193,jiddah,GL,100,88,1588284690,29.01,3.49,72.79,-56.15
194,kawalu,MR,0,72,1588284691,68,19.46,20.93,-17.03
195,kruisfontein,ID,5,81,1588284692,75.83,6.42,-9.66,120.26
196,piacabucu,IN,2,37,1588284693,83.57,6.62,24.95,84.01
197,damavand,IN,0,26,1588284695,85.42,3.76,30.2,74.67
198,tabou,RU,56,95,1588284696,22.35,17.67,65.53,72.52
199,kaina,MU,20,64,1588284697,75.2,10.29,-20.41,57.7
200,salima,GL,3,77,1588284698,37.65,16.44,60.14,-45.24
201,nguiu,AU,27,71,1588284699,50,5.82,-33.87,121.9
202,bengkulu,VU,75,94,1588284700,82.4,11.9,-13.88,167.55
203,bayburt,CN,0,24,1588284701,60.01,4.79,37.93,102.64
204,denpasar,CN,100,83,1588284702,68.4,10,32.51,120.14
205,lagos,CO,40,70,1588284483,87.8,12.75,10.4,-75.51
206,tucuman,BR,6,52,1588284705,64.17,2.04,-24.79,-50.01
207,saquena,MT,10,82,1588284706,62.01,14.99,35.84,14.54
208,vrangel,US,75,76,1588284707,53.6,8.05,40.33,-78.92
209,pasni,CL,90,82,1588284708,57.2,5.82,-29.95,-71.34
210,berlevag,CN,2,31,1588284709,66.07,9.66,42.27,118.96
211,ruatoria,CL,74,66,1588284710,51.8,2.24,-45.58,-72.07
212,san patricio,AU,75,69,1588284711,82.4,19.46,-12.23,136.77
213,kumano,ET,39,44,1588284712,68.76,1.07,10.07,34.53
214,upernavik,CN,0,53,1588284714,62.26,0.49,40.97,117.94
215,nouadhibou,CL,0,58,1588284715,59.7,11.61,-35.33,-72.42
216,waingapu,EG,40,82,1588284644,62.6,2.24,31.22,29.96
217,sasaram,CN,0,56,1588284717,62.29,1.28,32.68,109.02
218,giddarbaha,GL,75,42,1588284718,44.6,6.93,60.92,-46.05
219,nadym,ID,20,82,1588284719,79.72,6.87,-7.19,113.24
220,mahebourg,RU,96,93,1588284721,19.36,3.6,67.63,134.63
221,nanortalik,ID,20,100,1588284722,75.2,2.24,-1.27,116.83
222,esperance,RU,70,97,1588284723,31.39,5.91,67.45,153.68
223,sola,MR,0,16,1588284724,86.43,14,20.5,-10.07
224,nizhneyansk,IN,0,85,1588284547,79.43,11.27,21.12,70.12
225,wuwei,AR,88,64,1588284726,57.18,13,-43.3,-65.1
226,jiangyan,CA,97,48,1588284728,43.47,7.07,60.75,-137.51
227,cartagena,SJ,90,92,1588284729,26.6,5.82,78.22,15.64
228,castro,BR,20,83,1588284667,77,4.7,-20.33,-40.29
229,marsaxlokk,AR,62,100,1588284439,66,3.51,-34.65,-58.62
230,johnstown,TL,5,62,1588284732,57.79,2.04,-8.93,125.41
231,coquimbo,CA,78,86,1588284733,57.99,6.98,43.75,-81.72
232,chifeng,RU,0,93,1588284734,17.92,15.35,65.7,82.47
233,coihaique,SZ,0,70,1588284736,54.25,2.71,-27.12,31.2
234,nhulunbuy,ID,8,86,1588284737,76.75,5.77,-7.94,110.25
235,asosa,NZ,15,87,1588284738,57,1.99,-39.43,174.3
236,chengde,PF,19,73,1588284739,81.97,4.9,-16.48,-151.75
237,constitucion,AU,0,58,1588284449,48.2,9.17,-25.24,130.99
238,alexandria,AU,100,81,1588284741,49.64,25.32,-38.27,141.97
239,ankang,CV,0,69,1588284742,75.24,7.72,14.9,-24.5
240,narsaq,CN,27,88,1588284744,75.99,3.91,22.55,114.07
241,sampang,SD,0,13,1588284745,82.81,4.09,11.02,29.72
242,batagay,RU,27,40,1588284746,55.99,1.99,51.02,45.7
243,balikpapan,SV,40,36,1588284595,95,4.7,13.59,-89.83
244,srednekolymsk,KE,99,73,1588284748,78.93,14.23,1.75,40.06
245,palabuhanratu,RU,100,49,1588284750,53.89,3.18,51.17,94.5
246,adrar,US,1,15,1588284751,84.99,16.11,34.76,-112.45
247,mangrol,UZ,88,59,1588284752,62.6,4.7,40.43,71.72
248,rawson,DZ,52,82,1588284753,57.2,2.24,36.37,6.61
249,haines junction,RU,89,80,1588284754,48.27,13.13,54.1,77.66
250,longyearbyen,PF,100,67,1588284755,76.26,13.11,-22.43,-151.33
251,vila velha,CL,100,51,1588284756,66.52,2.82,-28.57,-70.76
252,moron,RU,100,96,1588284757,26.37,0.63,61.95,159.23
253,airai,US,1,29,1588284759,42.01,12.75,64.84,-147.72
254,goderich,RU,97,92,1588284760,25.23,8.57,63.45,120.32
255,krasnoselkup,US,100,93,1588284761,59,6.22,38.89,-76.51
256,nhlangano,MV,87,75,1588284763,84.72,7.65,2.67,72.89
257,srandakan,US,90,81,1588284539,44.6,21.92,58.3,-134.42
258,eltham,ID,46,86,1588284765,75.74,2.95,-8.12,111.89
259,hihifo,US,1,29,1588284696,39.99,12.75,64.86,-147.8
260,faanui,CA,75,52,1588284767,55,23.04,55.78,-118.84
261,yulara,CA,5,41,1588284530,19.4,9.17,68.35,-133.72
262,codrington,RU,50,71,1588284770,49.55,7.92,53.1,57.44
263,sao filipe,TR,75,81,1588284771,42.8,1.12,39.98,41.68
264,shenzhen,MU,20,64,1588284772,75.2,10.29,-20.52,57.52
265,kaduqli,NA,0,50,1588284774,68.43,5.93,-22.96,14.51
266,krasnoarmeysk,RU,3,96,1588284775,31.68,13.29,68.75,161.3
267,acajutla,MX,40,57,1588284776,74.84,5.12,17.23,-92.33
268,wajir,RU,76,59,1588284777,40.41,5.86,56.91,118.26
269,bay-khaak,AR,87,49,1588284779,69.01,1.01,-32.63,-62.69
270,chino valley,RU,40,93,1588284780,41,11.18,56.88,60.02
271,komsomolskiy,MX,5,74,1588284781,86,6.93,15.85,-97.07
272,constantine,ZW,0,25,1588284782,70.25,8.57,-22.22,30
273,bagan,DE,100,72,1588284784,57,7,51.13,14.18
274,moerai,CK,93,65,1588284785,78.8,6.93,-21.21,-159.78
275,vallenar,CA,100,38,1588284786,68.59,11.27,52.33,-109.93
276,evensk,US,1,47,1588284787,37.4,6.93,64.5,-165.41
277,fairbanks,CA,90,86,1588284788,30.2,20.8,63.75,-68.51
278,verkhnevilyuysk,US,1,65,1588284789,46.4,9.17,57.79,-152.41
279,mayo,LK,34,85,1588284791,77.68,0.74,6.68,80.4
280,kudahuvadhoo,LK,4,86,1588284792,80.19,8.32,6.12,81.12
281,juneau,AU,1,29,1588284793,62.6,6.93,-20.32,118.57
282,boyolangu,MA,24,47,1588284794,66.36,4.47,29.58,-9.5
283,college,RU,98,68,1588284795,50.52,3.22,44.17,133.86
284,spirit river,HN,40,66,1588284796,89.6,10.29,15,-83.23
285,inuvik,RU,100,96,1588284798,21.88,16.06,73.51,80.55
286,sorvag,YT,20,78,1588284799,82.4,9.17,-12.73,45.2
287,starosubkhangulovo,TH,87,79,1588284800,80.98,2.21,8.35,100.2
288,pasinler,BR,20,51,1588284801,84.2,3.36,-15.46,-55.75
289,souillac,LY,38,21,1588284802,84.06,17.31,29.03,21.55
290,walvis bay,CA,90,52,1588284803,42.8,3.36,50.23,-63.6
291,cherskiy,MX,0,39,1588284805,87.73,8.79,19.93,-105.25
292,yajalon,RU,16,91,1588284806,24.08,3,68.05,166.44
293,chara,CF,88,79,1588284808,71.85,3.91,4.95,23.92
294,bell ville,BR,66,84,1588284578,70.36,1.39,-20.79,-41.4
295,talitsa,MY,20,94,1588284810,77,2.24,1.55,110.33
296,aflu,MM,0,76,1588284812,62.58,1.12,22.93,97.75
297,puerto escondido,GB,90,89,1588284813,51.01,1.01,51.59,-3
298,beitbridge,CF,100,55,1588284814,74.84,1.16,6.32,16.38
299,bischofswerda,BY,90,83,1588284816,39.58,9.62,52.63,29.73
300,avarua,CA,20,26,1588284817,57.2,8.05,49.12,-85.84
301,macklin,US,75,60,1588284818,70,5.82,34.42,-79.37
302,nome,MY,40,100,1588284819,78.8,4.29,5.41,100.34
303,iqaluit,GN,100,76,1588284821,81.32,1.99,10.7,-14.37
304,kodiak,DE,100,91,1588284822,50,4,53.63,11.41
305,mahadday weyne,TC,3,79,1588284823,80.28,15.5,21.46,-71.14
306,ratnapura,US,90,42,1588284825,64.4,10.29,37.27,-87.18
307,hambantota,BR,8,61,1588284728,76.08,3.71,-14.41,-56.45
308,port hedland,GL,0,59,1588284827,33.8,3.36,69.22,-51.1
309,tiznit,CO,82,46,1588284828,90.79,15.12,11.71,-72.27
310,chuguyevka,PT,100,88,1588284829,64.62,21.3,39.05,-27.98
311,iralaya,IR,90,100,1588284831,55.4,4.38,37.25,55.17
312,dikson,RU,100,91,1588284832,23.9,8.63,62.88,152.43
313,koungou,US,20,44,1588284833,80.01,18.34,28.71,-81.21
314,pak phanang,NZ,79,66,1588284834,63.55,6.78,-35.17,173.17
315,chapada dos guimaraes,RU,0,92,1588284835,12.2,13.42,69.49,88.4
316,jalu,AU,0,75,1588284836,59,7.92,-31.43,152.92
317,havre-saint-pierre,BR,91,73,1588284838,77,9.17,-21.64,-41.05
318,tomatlan,JP,100,68,1588284839,58.82,6.08,39.27,141.88
319,bilibino,RU,98,96,1588284840,9.97,13.04,66.56,67.8
320,rafai,CL,0,24,1588284841,73.4,4.7,-33.73,-70.75
321,jeronimo monteiro,CN,100,92,1588284842,73.89,9.1,21.48,109.1
322,kuching,CN,100,55,1588284844,52.9,3.62,52.33,124.73
323,lashio,US,1,15,1588284593,77,19.46,41,-115.5
324,newport,ML,0,11,1588284846,87.66,9.42,20.2,1.01
325,bozoum,CN,16,88,1588284847,64.06,8.63,35.91,116.31
326,svetlogorsk,US,75,82,1588284848,57.99,19.46,41.14,-73.36
327,manitouwadge,IN,18,85,1588284849,79.84,3.29,18.03,73.02
328,dillon,TZ,99,68,1588284851,67.89,5.17,-5.07,32.05
329,george town,GT,63,42,1588284852,74.86,3.71,15.37,-90.43
330,sangueya,US,1,42,1588284853,84.2,11.41,21.35,-158.09
331,schwerin,AR,90,52,1588284854,64.54,5.37,-29.14,-59.26
332,cockburn town,IS,75,56,1588284855,44.6,1.12,63.84,-22.43
333,morehead,MZ,80,92,1588284857,70.39,3.78,-17.88,36.89
334,diamantino,AO,0,42,1588284858,60.1,2.71,-12.02,17.48
335,ilulissat,BR,23,53,1588284859,75.2,2.37,-21.85,-47.48
336,uribia,US,40,54,1588284637,80.6,17.22,20.89,-156.47
337,lagoa,US,90,65,1588284861,46.4,9.17,57.05,-135.33
338,gonbad-e qabus,SA,0,34,1588284863,77.23,3.76,21.43,39.83
339,seymchan,CA,1,32,1588284864,75,13.87,49.23,-100.06
340,seminole,PG,61,93,1588284865,78.17,1.5,-4.06,144.07
341,ahipara,IN,11,82,1588284866,83.23,12.62,17.65,83.27
342,talnakh,US,75,36,1588284761,64,3.36,44.05,-123.09
343,port macquarie,DE,15,76,1588284875,53.6,18.34,48.76,8.17
344,sao joao da barra,GF,100,94,1588284851,78.8,5.82,4.93,-52.33
345,kamaishi,KE,90,57,1588284877,68.65,3.24,0.35,37.58
346,sentyabrskiy,AR,56,72,1588284664,66,4.7,-34.61,-58.38
347,aksarka,CA,53,35,1588284880,51.76,9.31,54.23,-125.75
348,buin,RU,90,86,1588284881,30.2,6.71,64.54,40.54
349,beihai,NU,90,94,1588284882,73.4,23.04,-19.06,-169.92
350,tahe,BS,100,80,1588284883,79.21,13.82,25.5,-76.65
351,elko,NE,20,21,1588284885,88.32,6.87,13,8.91
352,tessalit,BR,100,90,1588284805,76.69,0.38,-3.2,-52.21
353,zhoucheng,MU,17,69,1588284887,75,5.99,-19.98,57.61
354,westport,AU,89,89,1588284888,72.86,4.36,-17.53,146.03
355,srivardhan,CN,79,89,1588284889,75.7,3.11,18.8,110.4
356,urambo,US,90,77,1588284890,62.01,6.93,40.81,-74
357,macaboboni,RU,40,79,1588284892,26.6,11.41,69.41,30.22
358,santa cruz verapaz,NI,75,22,1588284791,87.69,9.44,13.09,-86
359,makakilo city,RU,5,50,1588284894,45.03,13.62,52.52,111.54
360,dinsor,AF,98,41,1588284895,66.6,1.39,34.5,62
361,goya,IN,64,56,1588284896,53.85,3.11,27.03,88.27
362,grindavik,GF,99,88,1588284898,79.12,13.4,5.38,-52.95
363,khonuu,RU,100,48,1588284899,42.17,4.56,50,88.67
364,orgun,US,1,28,1588284901,73.4,8.05,39.15,-123.21
365,quelimane,PE,7,73,1588284903,72.03,9.33,-10.67,-77.83
366,camacupa,AO,0,60,1588284905,78.44,2.15,-15.2,12.15
367,porto ferreira,CA,75,68,1588284906,24.8,5.82,65.28,-126.83
368,kahului,UY,10,85,1588284908,56.93,8.79,-33.23,-54.38
369,sitka,PH,93,81,1588284910,80.2,7.67,12.18,125.51
370,mecca,PG,13,70,1588284911,82.58,1.43,-8.75,148.25
371,boissevain,MX,52,10,1588284912,95,10,30.95,-110.3
372,angoram,CA,20,80,1588284914,36,4.7,47.67,-52.73
373,yarada,HT,3,69,1588284915,81.18,6.2,18.2,-73.75
374,eugene,NC,20,78,1588284917,75.2,5.82,-21.69,165.68
375,sinzheim,NO,0,76,1588284918,32,2.24,69.31,16.12
376,samusu,CA,75,72,1588284919,50,5.82,54.32,-130.32
377,cayenne,US,1,59,1588284890,66.2,5.82,36.62,-121.92
378,isiolo,BR,71,58,1588284921,76.48,4.52,-14.02,-41.25
379,buenos aires,VU,40,78,1588284923,80.6,11.41,-19.55,169.27
380,burns lake,PE,75,83,1588284924,80.6,4.7,-3.75,-73.25
381,arkhangelsk,MX,8,12,1588284925,99.46,5.68,18.73,-102.73
382,alofi,ID,87,88,1588284926,76.86,3.31,-3.37,135.48
383,dunmore town,CN,100,64,1588284928,54.95,6.35,47.72,128.65
384,magaria,BR,100,83,1588284758,75.54,3.62,-9.88,-56.09
385,altamira,US,1,13,1588284930,81,11.41,33.33,-105.67
386,cap malheureux,PH,100,92,1588284931,75,4,8,124.29
387,innisfail,CA,75,43,1588284932,55.4,12.75,58.81,-122.7
388,wanning,MR,0,61,1588284934,78.8,12.75,18.09,-15.98
389,fairview,PT,0,89,1588284935,61,10,39.36,-9.38
390,nikel,PE,28,71,1588284937,72.21,9.46,-11.1,-77.61
391,jinotega,AR,0,62,1588284938,59,2.24,-45.87,-67.5
392,sosnovo-ozerskoye,DE,100,72,1588284939,57.99,7,51.29,14.82
393,herat,PH,68,82,1588284940,79.36,7.18,13.78,124.39
394,darjiling,GB,66,93,1588284941,46.99,8.05,51.06,-0.33
395,geresk,IR,86,46,1588284942,64.6,3.91,31.27,56.81
396,sinnamary,AR,85,53,1588284785,66.47,2.62,-27.8,-64.26
397,kosh-agach,PE,14,69,1588284945,73.83,10.04,-10.07,-78.15
398,ukiah,US,0,14,1588284946,77,11.01,39.61,-119.25
399,paramonga,GR,0,61,1588284947,64,5.99,37.83,24.93
400,namibe,ES,20,72,1588284949,68,10.29,28.66,-17.92
401,norman wells,LY,0,84,1588284950,62.98,11.5,32.53,20.58
402,treinta y tres,ES,40,93,1588284951,62.01,10.29,43.48,-8.24
403,san policarpo,US,90,100,1588284952,59,5.82,37.55,-77.46
404,popondetta,US,1,21,1588284954,82.4,8.05,44.06,-103.15
405,cananea,NA,0,22,1588284956,66.42,2.73,-26.5,17.16
406,torbay,GA,58,92,1588284958,79.05,7.4,-1.57,9.26
407,les cayes,RU,100,86,1588284959,34.27,4,56.84,45.43
408,moindou,QA,20,78,1588284960,84.99,6.93,25.29,51.53
409,andenes,US,1,44,1588284852,75.2,18.34,28.23,-82.18
410,prince rupert,GR,0,82,1588284963,59,4.7,39.42,20.01
411,pacific grove,BW,0,23,1588284964,56.48,5.21,-23.4,21.72
412,tanhacu,BR,6,84,1588284965,73.44,4.52,-18.59,-39.73
413,isangel,GB,61,85,1588284966,46.99,20.85,51.38,1.39
414,iquitos,EG,0,35,1588284968,71.6,11.41,27.27,31.15
415,aguililla,BR,0,60,1588284969,64.47,9.48,-30.18,-50.21
416,nabire,CN,100,93,1588284970,66.04,4.97,29.05,111.68
417,cuiluan,BR,100,88,1588284971,75.2,3.36,-22.65,-42.39
418,alta floresta,MU,14,69,1588284973,75,5.99,-20.01,57.66
419,ruidoso,CU,75,65,1588284974,80.6,14.99,23.15,-81.25
420,marawi,RU,34,75,1588284975,44.6,13.42,55.43,86.08
421,fort nelson,PA,100,65,1588284976,65.37,4.99,8.52,-81.71
422,marcona,NO,0,86,1588284978,26.6,11.41,69.23,17.98
423,nouakchott,GL,75,42,1588284979,44.6,6.93,60.72,-46.03
424,peniche,PF,67,74,1588284980,86,12.75,-17.73,-149.15
425,hualmay,RU,0,90,1588284981,23.34,2.62,69.38,178.42
426,ondorhaan,MX,72,51,1588284983,71.31,14.85,27.98,-114.06
427,comodoro rivadavia,RU,92,89,1588284984,28.87,11.88,60.34,102.28
428,niesky,RU,97,94,1588284985,31.28,14.85,65.75,150.85
429,sedelnikovo,AL,0,93,1588284959,53.6,2.37,41,20
430,gigmoto,MY,40,100,1588284987,77,1.12,5.33,103.14
431,horsham,UY,56,72,1588284871,68,5.82,-31.38,-57.97
432,ravar,GB,75,93,1588284990,44.6,2.24,57.14,-2.1
433,santiago del estero,PE,12,64,1588284900,73.4,9.17,-12.04,-77.03
434,huarmey,AO,94,89,1588284992,78.26,5.37,-6.13,12.37
435,fernley,AU,28,59,1588284993,55,8.99,-34.68,150.87
436,andros,CN,66,47,1588284995,54.7,3.49,25.7,100.18
437,los llanos de aridane,KZ,40,87,1588284996,48.2,2.24,43.36,76.86
438,tukrah,MY,75,88,1588284997,80.6,2.24,6.88,116.85
439,ferrol,VN,15,78,1588284998,82.31,21.59,10.35,107.08
440,richmond,PR,75,83,1588285000,80.6,12.75,18.43,-65.83
441,rapid valley,SN,87,35,1588285001,98.6,5.59,12.56,-12.17
442,bethanien,PT,83,88,1588285002,61,5.99,40.16,-8.33
443,omboue,GW,8,83,1588285004,79.59,16.42,11.28,-15.83
444,voskresenskoye,AR,39,48,1588285005,60.8,4.7,-41.15,-71.31
445,doha,RU,100,90,1588285006,38.03,7.47,51.71,143.23
446,zephyrhills,SO,79,79,1588285007,83.1,15.17,2.04,45.34
447,perivolion,AR,1,61,1588285009,63,1.01,-36.78,-59.86
448,manyana,JP,75,88,1588285010,73.4,9.17,24.8,125.28
449,conceicao da barra,CA,90,37,1588285011,55.4,13.87,55.1,-105.28
450,margate,CR,75,73,1588285013,77,3.36,9.42,-84.17
451,abnub,RU,95,96,1588285014,32,19.37,53.57,142.95
452,cidreira,HR,100,91,1588285016,57.99,1.99,45.29,14.65
453,changde,IT,20,100,1588285018,57.2,6.93,37.57,14.9
454,silva jardim,GR,20,88,1588285019,62.6,3.36,36.09,28.02
455,grand gaube,BB,40,65,1588285021,82.4,18.34,13.22,-59.52
456,varadero,IN,0,16,1588285022,38.53,3.89,34.17,77.58
457,borovoy,PH,20,69,1588284806,81,6.89,14.31,121.11
458,bisira,XK,7,54,1588285025,57.2,2.24,42.78,20.49
459,finnsnes,NO,100,90,1588285026,32,8.05,70.37,31.11
460,qaqortoq,IN,0,61,1588285027,83.46,11.65,23.83,71.6
461,tautira,PG,32,74,1588285028,83.48,6.96,-2.57,150.8
462,leningradskiy,NA,0,17,1588285029,64.06,8.5,-24.83,16.98
463,guerrero negro,SB,67,73,1588285031,84.9,4.88,-8.14,159.59
464,vanavara,PG,67,76,1588285032,83.3,3.4,-2.02,147.27
465,zyryanka,AO,0,42,1588285033,60.17,4.23,-11.78,19.92
466,albania,BR,95,87,1588285034,78.89,13.56,-0.72,-48.52
467,kuala terengganu,TD,0,41,1588285036,87.84,5.91,13.46,14.71
468,salto,FR,75,82,1588285037,62.6,3.36,42,8.92
469,aberdeen,GD,20,70,1588285038,84.2,17.22,12.06,-61.75
470,lima,US,75,66,1588284989,54,9.17,42.04,-87.69
471,soyo,BR,20,100,1588285040,77,3.36,-7.47,-34.81
472,kiama,JP,100,95,1588284853,43.68,14.03,43.32,145.57
473,dali,US,90,87,1588285042,51.01,18.34,41.28,-70.1
474,boralday,CN,56,63,1588285044,59,8.14,46.08,127.4
475,kudat,JP,15,75,1588285045,61.57,4.81,33.73,135.98
476,vung tau,PH,100,86,1588285046,77.11,6.04,11,122.67
477,vieques,AR,66,52,1588285048,62.56,2.37,-38.72,-62.27
478,kedougou,CA,75,31,1588285049,48.2,5.82,49.25,-55.05
479,lata,DE,40,93,1588285050,54,6.93,50.17,8.57
480,bubaque,RU,77,70,1588285051,53.46,3.2,44.43,39.53
481,san carlos de bariloche,IN,69,59,1588285053,84.72,3.51,14.58,78.65
482,katangli,AO,39,43,1588284955,62.06,3.42,-14.66,17.69
483,mogadishu,ES,75,63,1588285055,60.8,14.99,42.25,-2.5
484,azul,PG,13,82,1588285056,82.67,9.95,-10.62,150.67
485,hirara,CV,0,50,1588285057,77,16.11,15.13,-23.22
486,la ronge,RU,92,92,1588285058,23.22,10.76,63.76,121.62
487,quepos,US,1,16,1588285060,88,16.11,35.24,-106.61
488,okha,CA,75,66,1588284803,51.8,5.82,50.7,-127.42
489,zlobin,CI,49,85,1588285062,80.8,6.69,4.75,-6.64
490,paterno,RU,75,81,1588285063,48.2,8.95,54.63,72.4
491,lardos,RE,20,78,1588285064,73.4,12.75,-21.34,55.48
492,bathsheba,JP,75,83,1588285067,69.8,5.82,26.18,127.76
493,leh,VN,4,89,1588285068,72.81,5.06,15.12,108.8
494,santa rosa,BR,64,70,1588285069,74.73,4.47,-9.83,-45.34
495,istok,VG,9,90,1588284822,82,5.01,18.42,-64.62
496,vardo,AU,4,44,1588285072,60.8,6.93,-23.53,148.17
497,radhanpur,RU,7,44,1588285073,57.2,8.95,48.04,40.05
498,kavieng,US,40,36,1588284853,64.99,5.82,43.22,-123.34
499,maltahohe,ES,100,57,1588285075,54,11.95,41.17,-4
500,rungata,IN,0,75,1588285077,78.35,2.06,22.52,86.45
501,buala,UY,45,73,1588285078,61.03,10.31,-33.7,-53.46
502,lorengau,FR,75,87,1588285079,53.01,17.22,47.87,-3.55
503,luena,PG,100,95,1588285080,77,1.25,-6.12,141.29
504,soure,NO,100,73,1588285081,38.8,11.21,59.65,6.35
505,bol,RU,92,79,1588285082,34.95,11.52,59.45,112.56
506,ajaccio,AU,0,38,1588285084,59,12.75,-28.77,114.6
507,saint-georges,RU,3,76,1588285085,53.47,5.91,45.44,40.58
508,evanston,FR,92,85,1588284900,55,5.46,43.65,0.58
509,pitimbu,CO,49,86,1588285087,81.03,2.19,-0.19,-74.78
510,nemuro,PT,20,82,1588285088,64.4,4.7,33.08,-16.33
511,nantucket,TZ,65,66,1588285089,63.73,2.37,-6.72,36.37
512,bayan,US,90,16,1588285091,72,18.34,40.48,-106.83
513,shingu,LK,81,82,1588285092,81,4.12,7.42,81.82
514,dingle,US,75,32,1588284998,70,16.11,47.93,-97.03
515,bahia blanca,CA,75,50,1588285094,55.4,6.93,50.02,-125.24
516,lewisporte,IN,33,35,1588285095,82.35,4.52,16.48,78.32
517,steinbach,SO,100,77,1588285111,83.62,13.02,9.49,50.81
518,khadyzhensk,ID,90,77,1588285113,80.49,4.03,-3.7,128.18
519,kamalapuram,CA,90,47,1588285114,57.2,19.46,52.63,-114.24
520,menongue,AU,1,40,1588285115,71.6,10.29,-14.47,132.27
521,la rioja,MX,88,70,1588285116,67.19,10.38,30.48,-115.95
522,samarai,GM,23,40,1588285117,79.59,11.86,13.35,-15.75
523,vila do maio,NG,95,87,1588285118,79.92,4.09,4.83,8.23
524,vilyuysk,PF,64,66,1588285119,87.8,12.75,-17.53,-149.33
525,burica,GA,31,92,1588285121,78.76,7.31,-2.65,10
526,corrales,RU,4,96,1588285122,13.1,12.95,66.83,70.83
527,port hardy,JP,75,87,1588285123,62.01,2.57,34.69,135.8
528,san-pedro,IR,14,32,1588285124,71.28,3.83,28.22,61.22
529,sherbakul,US,75,45,1588284928,69.8,9.17,32.35,-85.2
530,saint-pierre,IN,75,73,1588285126,83.39,1.45,11.67,92.75
531,nishihara,GL,1,91,1588285127,33.76,15.93,61.99,-49.67
532,quang ngai,LA,87,78,1588285128,72.19,0.69,19.89,102.13
533,gilbues,MY,75,94,1588285129,75.2,3.36,2.3,111.82
534,road town,CA,5,41,1588285131,23,6.93,68.22,-135.01
535,emerald,ET,100,47,1588285132,55.83,4.92,10.45,38.2
536,tapaua,BW,0,20,1588285133,60.67,7.16,-21.57,21.78
537,kamenskoye,IS,1,70,1588285134,43.32,6.71,63.44,-20.27
538,almaznyy,CL,20,81,1588285135,55,5.82,-41.87,-73.82
539,roseburg,BR,98,95,1588285136,76.98,2.42,-5.12,-60.38
540,segovia,GL,25,87,1588285137,32.63,10.4,65.42,-52.9
541,mushabani,RU,100,70,1588285139,40.87,2.17,55.22,45.89
542,chuy,OM,25,31,1588285140,85.23,1.16,22.93,57.53
543,quimperle,BY,2,77,1588285141,36.14,5.7,55.57,28.2
544,kiunga,JP,75,93,1588285142,46.4,8.05,42.98,144.37
545,sauda,BR,0,82,1588284996,59,11.48,-32.03,-52.1
546,vitim,BR,99,96,1588285144,77.54,3.27,-3.14,-58.44
547,geraldton,RU,88,97,1588285145,29.12,5.84,56.45,138.17
548,kropotkin,RU,100,94,1588285146,27.05,4.63,63.05,179.32
549,auch,AF,99,45,1588285148,71.17,2.44,36.41,64.91
550,puerto leguizamo,EG,0,18,1588285149,73.63,10.98,24.09,32.91
551,camacha,PR,75,83,1588285150,82.4,12.75,18.43,-65.88
552,kibakwe,PH,51,89,1588285151,75.9,4.92,14.11,122.79
553,steamboat springs,BR,1,73,1588285152,59,7.43,-32.57,-53.38
554,kalmunai,TG,72,63,1588285153,80.6,2.98,8.57,0.98
555,grand forks,CN,73,21,1588285154,70.97,17.11,41.76,86.15
556,campbell river,IN,67,51,1588285155,83.17,6.98,17.67,75.33
557,nagar karnul,US,90,93,1588285109,57.2,5.23,42.09,-76.81
558,bandarbeyla,SD,0,14,1588285158,76.17,13.29,14.2,24.67
559,ambon,DE,50,93,1588285159,48,1.01,54.4,10.13
560,rimbey,AU,100,94,1588285160,54,1.99,-35.57,138.62
561,katherine,AZ,4,90,1588285161,54.75,7.9,39.37,49.25
562,san quintin,FI,0,74,1588285162,28.4,2.24,62.89,27.68
563,nioro,IN,45,48,1588285163,80.6,10.65,18.17,76.05
564,oron,US,40,33,1588285143,77,14.99,37.34,-121.89
565,tiarei,US,1,44,1588285166,75.2,18.34,28.48,-82.53
566,gamba,ID,100,87,1588285167,75.74,3.44,1.74,98.78
567,yar-sale,ET,13,57,1588285168,63.27,5.08,9.35,42.8
568,nara,CL,0,45,1588285169,57.92,3.51,-35.85,-71.6
569,khash,CN,96,94,1588285170,69.8,8.95,30.95,113.55
570,russell,CN,100,67,1588285171,56.75,16.78,49.2,119.7
571,port blair,ID,81,86,1588285172,80.53,9.31,-8.47,140.33
572,paamiut,FR,62,38,1588285173,51.01,5.99,49,-1.17
573,luang prabang,GB,98,87,1588285175,46.4,14.99,58.21,-6.39
574,sibu,NO,71,48,1588285176,44.6,18.34,63.73,8.83
575,aklavik,BY,34,92,1588285177,34.84,5.88,52.8,28
576,bichena,PH,100,78,1588285178,78.55,7.43,10.67,122.95
577,ghanzi,TZ,75,94,1588285179,77,6.04,-6.8,39.25
578,vestmannaeyjar,IN,96,69,1588285180,67.15,3.67,27.92,96.17
579,ancud,BR,20,100,1588285181,77,4.7,-6.98,-34.83
580,novo aripuana,RU,18,55,1588285182,47.52,9.42,51.36,80.19
